player,points,rebounds,2pt_attempts,2pt_made,3pt_attempts,3pt_made,ft_attempts,ft_made,eFG,trueShooting,offensive_rebounds,defensive_rebounds,assists,steals,blocks,turnovers,PER
5,22,1,3,2,9,6,0,0,0.55,0.55,0,1,1,0,0,1,5.62962962962963
33,9,6,1,0,5,3,0,0,0.5,0.5,4,2,6,1,0,0,12.666666666666666
mitch,12,7,2,3,6,2,1,0,0.46153846153846156,0.44642857142857145,0,7,5,0,0,8,4.521739130434782
mike,23,3,1,2,8,6,0,1,0.6470588235294118,0.6764705882352942,1,2,1,2,0,2,8
q,5,0,1,1,4,1,0,0,0.35714285714285715,0.35714285714285715,0,0,2,0,0,0,4
00,4,1,1,1,0,0,1,2,0.5,0.819672131147541,0,1,0,0,0,0,10
